file,score,used_by,width,height,sharpness,contrast,brightness,fill,bytes_per_px,problems,products
gar-bright-com-fair-cr45g.jpg,9.0,1,866,812,65.6,16.4,243.1,0.08,0.0189,soft (66); flat; blown out; pack fills 8%; heavily compressed,Gar Bright Com Fair Cr45G
nykaa-cotton-pads.jpg,9.0,1,300,300,157.2,21.9,243.9,0.202,0.0426,small (300x300); flat; blown out; pack fills 20%; heavily compressed,Nykaa Cotton Pads
yard-deo-eng-lav150ml.jpg,9.0,1,355,355,2446.0,32.7,244.0,0.177,0.0749,small (355x355); flat; blown out; pack fills 18%; heavily compressed,Yard Deo Eng Lav150Ml
col-zig-zag-brush.jpg,7.5,1,432,491,258.7,51.9,232.9,0.178,0.062,small (432x491); blown out; pack fills 18%; heavily compressed,Col Zig-Zag Brush
jun-horlicks-van200g.jpg,7.5,1,480,480,499.9,50.4,232.5,0.205,0.072,small (480x480); blown out; pack fills 21%; heavily compressed,Jun Horlicks Van200G
socks.jpg,7.5,1,500,500,89.2,32.4,226.8,0.168,0.0943,soft (89); flat; blown out; pack fills 17%,Socks
camphor-katti-nrb.jpg,6.0,1,500,500,150.4,34.7,240.1,0.151,0.0491,flat; blown out; pack fills 15%; heavily compressed,Camphor Katti Nrb
fevicol-25gm.jpg,6.0,1,1000,1000,32.9,35.6,164.4,0.243,0.0318,soft (33); flat; heavily compressed,Fevicol 25Gm
gar-bright-com-fw-100g.jpg,6.0,1,1000,1000,832.6,27.2,245.5,0.15,0.0538,flat; blown out; pack fills 15%; heavily compressed,Gar Bright Com Fw 100G
gar-bright-com-fw-50g.jpg,6.0,1,500,500,499.9,26.4,245.0,0.116,0.0626,flat; blown out; pack fills 12%; heavily compressed,Gar Bright Com Fw 50G
gar-bright-com-ser-fw-50g.jpg,6.0,1,500,500,499.9,26.4,245.0,0.116,0.0626,flat; blown out; pack fills 12%; heavily compressed,Gar Bright Com Ser Fw 50G
gokul-300-g.jpg,6.0,1,1000,1000,326.7,36.2,240.1,0.12,0.0426,flat; blown out; pack fills 12%; heavily compressed,Gokul 300 G
h-s-basic-clean-2-x-4.jpg,6.0,1,1000,1000,431.0,31.3,246.4,0.033,0.0377,flat; blown out; pack fills 3%; heavily compressed,H&S Basic Clean-2 X 4
lizol-citrus-975ml.jpg,6.0,1,600,441,422.2,36.9,239.7,0.202,0.0693,flat; blown out; pack fills 20%; heavily compressed,Lizol Citrus 975Ml
ponds-hydra-light-gel-wash100h.jpg,6.0,1,1000,1000,194.1,31.6,242.6,0.166,0.0309,flat; blown out; pack fills 17%; heavily compressed,Ponds Hydra Light Gel Wash100H
premier-10handkerchiefs.png,6.0,1,768,768,124.6,33.9,19.2,0.2,0.0449,flat; dark; pack fills 20%; heavily compressed,Premier 10Handkerchiefs
savlon-handwash-200ml-pump.jpg,6.0,1,1000,1000,221.6,33.0,241.6,0.179,0.0429,flat; blown out; pack fills 18%; heavily compressed,Savlon Handwash 200Ml Pump
seama-oil-dispenser.jpg,5.5,1,1001,1001,68.0,38.1,232.6,0.322,0.038,soft (68); blown out; heavily compressed,Seama Oil Dispenser
vim-drop-20.jpg,5.5,1,216,387,649.5,27.5,240.0,0.22,0.1044,small (216x387); flat; blown out,Vim Drop 20
d-h-sy-vinegar1l.png,5.0,1,813,420,255.5,34.2,110.0,0.055,0.0733,flat; pack fills 6%; heavily compressed,D.H Sy Vinegar1L
thums-up-250ml.jpg,5.0,1,429,424,893.2,74.1,218.2,0.198,0.1022,small (429x424); pack fills 20%,Thums Up 250ml
5-star-5rs.jpg,4.5,1,1000,499,716.7,38.8,241.7,0.147,0.0563,blown out; pack fills 15%; heavily compressed,5 Star 5Rs
aahhaa-standardised-milk-500ml.jpg,4.5,1,1000,1000,407.6,52.4,228.9,0.18,0.0458,blown out; pack fills 18%; heavily compressed,Aahhaa Standardised Milk 500Ml
ban-rose-water60ml.jpg,4.5,1,500,500,238.6,43.1,238.3,0.173,0.0515,blown out; pack fills 17%; heavily compressed,Ban Rose Water60Ml
bisleri-300ml.png,4.5,1,1000,1000,350.0,32.6,242.9,0.064,0.224,flat; blown out; pack fills 6%,Bisleri 300Ml
bisleri-500ml.jpg,4.5,1,1000,1000,316.9,91.6,59.0,0.156,0.0464,dark; pack fills 16%; heavily compressed,Bisleri 500Ml
brit-fudge-it20rs.jpg,4.5,1,1000,1000,1104.6,39.0,47.0,0.216,0.0648,dark; pack fills 22%; heavily compressed,Brit Fudge It20Rs
brite-comb.jpg,4.5,1,500,500,805.3,53.5,231.1,0.185,0.0616,blown out; pack fills 19%; heavily compressed,Brite Comb
canaan-20-30.png,4.5,1,1615,2090,4637.2,43.1,245.4,0.004,0.0096,blown out; pack fills 0%; heavily compressed,Canaan 20-30
col-swarna-vedshakthi200g.jpg,4.5,1,1000,1000,554.7,40.5,241.1,0.132,0.0308,blown out; pack fills 13%; heavily compressed,Col Swarna Vedshakthi200G
cycle-rhythm-amber-20rs.jpg,4.5,1,600,600,655.7,47.8,232.2,0.219,0.0711,blown out; pack fills 22%; heavily compressed,Cycle Rhythm Amber 20Rs
dazzl-500ml.jpg,4.5,1,1000,1000,212.7,39.1,239.2,0.166,0.04,blown out; pack fills 17%; heavily compressed,Dazzl 500Ml
dds-meal-maker-new-200g.jpg,4.5,1,1080,1080,1302.4,52.2,230.8,0.053,0.072,blown out; pack fills 5%; heavily compressed,Dds Meal Maker New 200G
dove-beauty-bath100g.jpg,4.5,1,1100,1100,890.6,48.0,235.0,0.07,0.0377,blown out; pack fills 7%; heavily compressed,Dove Beauty Bath100G
dove-serum-bar75g.jpg,4.5,1,600,600,261.6,31.8,230.6,0.17,0.0878,flat; blown out; pack fills 17%,Dove Serum Bar75G
fortune-groundnut-oil870g.jpg,4.5,1,1000,751,422.4,42.2,233.4,0.207,0.0642,blown out; pack fills 21%; heavily compressed,Fortune Groundnut Oil870G
hatsun-buttermilk.jpg,4.5,1,1000,562,470.5,39.5,238.5,0.201,0.056,blown out; pack fills 20%; heavily compressed,Hatsun Buttermilk
him-fw-nat-glow-rose100ml.jpg,4.5,1,1000,1000,627.5,43.8,239.3,0.134,0.05,blown out; pack fills 13%; heavily compressed,Him Fw Nat Glow Rose100Ml
mangaldeep-treya20rs.jpg,4.5,1,500,500,710.3,45.7,235.7,0.183,0.067,blown out; pack fills 18%; heavily compressed,Mangaldeep Treya20Rs
parrys-amrit-cane-sugar-500g.jpg,4.5,1,750,1000,2311.7,50.1,234.2,0.097,0.0719,blown out; pack fills 10%; heavily compressed,Parrys Amrit Cane Sugar 500G
pears-pure-gen125gm.jpg,4.5,1,1000,1000,812.8,43.3,238.5,0.148,0.055,blown out; pack fills 15%; heavily compressed,Pears Pure&Gen125Gm
polo-peach-5.jpg,4.5,1,500,500,269.2,55.5,232.5,0.152,0.0522,blown out; pack fills 15%; heavily compressed,Polo Peach-5
poppins-mrp-2.jpg,4.5,1,500,500,526.4,49.2,236.5,0.142,0.064,blown out; pack fills 14%; heavily compressed,Poppins-Mrp-2
pringles-107g.jpg,4.5,1,1000,1000,357.0,44.6,228.8,0.078,0.0378,blown out; pack fills 8%; heavily compressed,Pringles 107G
sambandhi-black-ellu-100g.jpg,4.5,1,1000,1000,630.3,64.0,227.9,0.199,0.0574,blown out; pack fills 20%; heavily compressed,Sambandhi Black Ellu-100G
vega-hmwc-05.jpg,4.5,1,960,600,1050.8,36.6,226.0,0.134,0.0888,flat; blown out; pack fills 13%,Vega Hmwc-05
fevikwik-0-5-g.jpg,4.0,1,750,1000,27.3,42.6,60.8,0.493,0.0903,soft (27); dark,Fevikwik 0.5 G
lion-desert-king-200g-ref.jpg,4.0,1,324,324,605.6,54.0,227.8,0.254,0.1049,small (324x324); blown out,Lion Desert King 200G Ref
nrb-acid-50rs.jpg,4.0,1,200,144,2298.8,54.8,224.9,0.342,0.1976,small (200x144); blown out,Nrb Acid 50Rs
pg-burfy.jpg,4.0,1,692,1000,584.5,35.7,237.7,0.24,0.0717,flat; blown out; heavily compressed,Pg Burfy
vim-drop-lemon-225-ml.jpg,4.0,1,699,699,173.9,36.7,235.6,0.255,0.0402,flat; blown out; heavily compressed,Vim Drop Lemon 225 Ml
555-mop-199.png,3.5,1,500,500,897.0,35.1,109.0,0.131,0.1435,flat; pack fills 13%,555 Mop 199
cello-vigo-500.jpg,3.5,1,500,500,158.0,67.3,221.3,0.204,0.0395,pack fills 20%; heavily compressed,Cello Vigo 500
dairy-milk-10rs.jpg,3.5,1,500,500,711.2,76.7,217.0,0.217,0.0659,pack fills 22%; heavily compressed,Dairy Milk 10Rs
dairy-milk-5rs.jpg,3.5,1,1000,1000,1126.8,92.2,188.3,0.193,0.0623,pack fills 19%; heavily compressed,Dairy Milk 5Rs
dds-barley-250-g.jpg,3.5,1,500,500,326.9,30.4,177.3,0.184,0.0915,flat; pack fills 18%,Dds Barley 250 G
eva-deo-40ml.jpg,3.5,1,111,300,2175.6,57.5,195.1,0.616,0.1761,small (111x300); awkward shape (2.7:1),Eva Deo 40Ml
fortune-s-f-oil-500ml.jpg,3.5,1,500,385,1045.7,34.0,200.2,0.203,0.14,flat; pack fills 20%,Fortune S.F Oil 500Ml
goodday-choco-chips-10.jpg,3.5,1,1000,801,417.8,65.0,221.9,0.209,0.0492,pack fills 21%; heavily compressed,Goodday Choco-Chips-10
hide-seek-coffe-30.jpg,3.5,1,1000,1000,833.8,64.9,209.5,0.183,0.0531,pack fills 18%; heavily compressed,Hide & Seek Coffe 30
iodex-spray60g.jpg,3.5,1,600,600,591.7,73.6,208.4,0.204,0.0722,pack fills 20%; heavily compressed,Iodex Spray60G
lion-seedless-500-g-j.jpg,3.5,1,1120,1200,853.8,63.9,220.0,0.146,0.0504,pack fills 15%; heavily compressed,Lion Seedless 500 G (J)
loreal-hy-pure-72h-cond175ml.jpg,3.5,1,1000,1000,906.8,48.5,222.5,0.2,0.0735,pack fills 20%; heavily compressed,Loreal Hy Pure 72H Cond175Ml
sensodyne-rapid-rel80g.jpg,3.5,1,900,900,724.4,76.3,208.7,0.153,0.0619,pack fills 15%; heavily compressed,Sensodyne Rapid Rel80G
true-elementprotein-bar50g.png,3.5,1,500,500,1560.8,29.2,98.0,0.196,0.1594,flat; pack fills 20%,True Elementprotein Bar50G
vaseline-deep-res-100ml.jpg,3.5,1,211,497,801.1,44.6,206.8,0.735,0.1536,small (211x497); awkward shape (2.4:1),Vaseline Deep Res 100ml
vcare-goat-milk-soap100g.png,3.5,1,770,337,3182.2,62.2,227.9,0.048,0.4708,blown out; pack fills 5%; awkward shape (2.3:1),Vcare Goat Milk Soap100G
aachi-puliyogiri-50-g.jpg,3.0,1,265,265,2429.4,93.4,186.9,0.443,0.1682,small (265x265),Aachi Puliyogiri 50 G
aashirvaad-crystal-salt-1kg.jpg,3.0,1,466,466,3182.5,52.9,216.1,0.481,0.1414,small (466x466),Aashirvaad Crystal Salt 1Kg
annai-naval-kottai.jpg,3.0,1,320,446,1433.1,45.3,186.2,0.739,0.23,small (320x446),Annai Naval Kottai
appy-fizz-20rs.jpg,3.0,1,208,208,1087.0,80.6,217.0,0.243,0.1096,small (208x208),Appy Fizz 20Rs
arasan-soap-250g.png,3.0,1,306,299,787.1,77.1,186.6,0.599,0.6743,small (306x299),Arasan Soap 250G
arun-ic-10.jpg,3.0,1,817,1000,1206.4,43.0,238.5,0.016,0.0957,blown out; pack fills 2%,Arun Ic 10
brit-bourbon-10rs.jpg,3.0,1,300,300,1555.1,71.2,214.7,0.282,0.1161,small (300x300),Brit Bourbon 10Rs
brit-bourbon-35.jpg,3.0,1,450,450,236.5,70.6,213.0,0.303,0.0828,small (450x450),Brit Bourbon 35
brit-croissant-creme-roll.jpg,3.0,1,300,242,2453.3,78.8,171.0,0.619,0.2196,small (300x242),Brit Croissant Creme Roll
brit-milk-bikis-20.jpg,3.0,1,400,192,1846.4,67.9,149.6,0.853,0.2125,small (400x192),Brit Milk Bikis 20
brit-nc-digestive-offer.jpg,3.0,1,215,234,1623.4,49.0,222.7,0.371,0.0979,small (215x234),Brit Nc Digestive Offer
cello-30.jpg,3.0,1,500,600,44.3,46.3,138.6,0.38,0.1118,soft (44),Cello 30
cello-45rs.jpg,3.0,1,500,600,44.3,46.3,138.6,0.38,0.1118,soft (44),Cello 45rs
cheeta-fight.jpg,3.0,1,400,283,4567.1,64.5,199.2,0.226,0.1813,small (400x283),Cheeta Fight
col-zig-zag-6pc.jpg,3.0,1,300,300,2130.8,60.4,203.5,0.49,0.2088,small (300x300),Col Zig Zag 6Pc
dabur-red-t-paste-36g.jpg,3.0,1,462,462,1558.8,87.2,173.1,0.545,0.1178,small (462x462),Dabur Red T Paste 36G
darling-turmeric-50g.jpg,3.0,1,263,300,5777.8,67.5,191.9,0.345,0.3198,small (263x300),Darling Turmeric 50G
dds-black-gram-250-g.jpg,3.0,1,250,250,5504.0,88.6,133.3,0.727,0.3119,small (250x250),Dds Black Gram 250 G
dds-gram-dhall-1-kg.jpg,3.0,1,200,300,1044.6,46.9,221.0,0.466,0.1814,small (200x300),Dds Gram Dhall 1 Kg
dds-green-gram-500-g.png,3.0,1,300,336,6105.9,78.9,131.2,0.889,0.3853,small (300x336),Dds Green Gram 500 G
dds-gundu-fried-gram-500g.jpg,3.0,1,342,342,3254.6,60.0,198.2,0.594,0.1881,small (342x342),Dds Gundu Fried Gram 500G
dds-salted-pista-50-g.jpg,3.0,1,300,300,3699.1,63.1,208.9,0.481,0.1718,small (300x300),Dds Salted Pista 50 G
dds-watermelon-seed-50g.jpg,3.0,1,204,300,2659.3,47.8,198.9,0.9,0.2135,small (204x300),Dds Watermelon Seed 50G
delmonte-tom-ketchup450g.jpg,3.0,1,300,300,1363.1,76.2,170.4,0.593,0.1351,small (300x300),Delmonte Tom Ketchup450G
dove-cond-dc-75ml.jpg,3.0,1,396,450,459.6,42.0,169.1,0.851,0.0822,small (396x450),Dove Cond Dc 75ml
egg-6-pcs.png,3.0,1,300,300,3841.7,65.1,146.9,0.634,0.4677,small (300x300),Egg 6 Pcs
ela-snacks.png,3.0,1,300,300,3603.2,54.1,141.0,0.65,0.483,small (300x300),Ela Snacks
ellu-urundai.jpg,3.0,1,203,300,5609.1,66.7,189.9,0.682,0.1935,small (203x300),Ellu Urundai
everyday-milk-bread450g.jpg,3.0,1,300,300,2237.2,58.4,222.2,0.324,0.1215,small (300x300),Everyday Milk Bread450G
f-l-ayur-25g.jpg,3.0,1,228,221,2737.3,58.6,199.9,0.563,0.1594,small (228x221),F&L Ayur 25G
him-fw-apricot-50ml.jpg,3.0,1,234,300,4420.6,59.0,192.7,0.637,0.2448,small (234x300),Him Fw Apricot 50Ml
idhayam-mantra-oil-1-l.png,3.0,1,750,1000,417.1,52.6,22.2,0.187,0.3139,dark; pack fills 19%,Idhayam Mantra Oil 1 L
klf-gin-oil-500ml.jpg,3.0,1,226,300,4179.2,66.7,185.8,0.646,0.1844,small (226x300),Klf Gin Oil 500Ml
kr-rose-milk-200g.png,3.0,1,500,500,66.8,50.6,79.3,0.409,0.5489,soft (67),Kr Rose Milk 200G
levista-premium-8g.jpg,3.0,1,320,320,355.7,64.0,220.8,0.241,0.0895,small (320x320),Levista Premium 8G
lion-honey-250-250g.jpg,3.0,1,225,225,1847.4,67.3,211.9,0.375,0.1622,small (225x225),Lion Honey 250+250G
lotte-caramilk-stick.jpg,3.0,1,500,500,1431.9,52.7,234.9,0.156,0.0755,blown out; pack fills 16%,Lotte Caramilk Stick
maharaja-coconut-oil1lt.png,3.0,1,1000,1000,975.9,77.2,33.6,0.181,0.2313,dark; pack fills 18%,Maharaja Coconut Oil1Lt
mamaearth-shampoo-250ml.png,3.0,1,1000,1000,588.0,84.1,39.5,0.19,0.2651,dark; pack fills 19%,Mamaearth Shampoo 250Ml
milky-mist-curd500pkt.jpg,3.0,1,988,900,2611.1,57.5,234.5,0.016,0.1057,blown out; pack fills 2%,Milky Mist Curd500Pkt
mysore-san-kleeno-1l.jpg,3.0,1,470,500,818.1,47.8,233.6,0.206,0.0888,blown out; pack fills 21%,Mysore San Kleeno 1L
onion-big.jpg,3.0,1,375,402,489.8,54.9,99.0,0.895,0.1695,small (375x402),Onion Big
oral-b-criss-cross.jpg,3.0,1,1000,1000,1017.4,57.7,229.3,0.178,0.0797,blown out; pack fills 18%,Oral-B Criss Cross
paper-cup.jpg,3.0,1,200,200,2818.0,46.5,172.0,0.473,0.3039,small (200x200),Paper Cup
par-happy-ha-cake.jpg,3.0,1,250,227,1854.5,73.9,212.9,0.26,0.1399,small (250x227),Par Happy Ha Cake
par-nice-10rs.png,3.0,1,1000,1000,6050.0,95.8,49.2,0.194,0.0807,dark; pack fills 19%,Par Nice 10Rs
pen-light.jpg,3.0,1,1000,1000,106.0,37.4,168.4,0.464,0.071,flat; heavily compressed,Pen Light
pepsi-2-l.jpg,3.0,1,735,1000,361.4,53.4,40.0,0.191,0.1222,dark; pack fills 19%,Pepsi 2 L
pepsi-20rs.jpg,3.0,1,735,1000,361.4,53.4,40.0,0.191,0.1222,dark; pack fills 19%,Pepsi 20rs
pepsi-700ml.jpg,3.0,1,735,1000,361.4,53.4,40.0,0.191,0.1222,dark; pack fills 19%,Pepsi 700ml
pril-liq-green-750ml.jpg,3.0,1,400,400,1906.5,77.6,193.1,0.251,0.0763,small (400x400),Pril Liq Green 750Ml
rajam-sukku-coffee-50-g.jpg,3.0,1,200,200,5843.3,72.0,188.7,0.598,0.2944,small (200x200),Rajam Sukku Coffee 50 G
rajam-sukku-coffee-500-g.jpg,3.0,1,241,300,6993.0,65.2,145.4,0.941,0.3796,small (241x300),Rajam Sukku Coffee 500 G
safewash-1kg.png,3.0,1,427,427,1625.1,84.4,69.2,0.463,0.996,small (427x427),Safewash 1Kg
sak-bajji-mix-500-g.png,3.0,1,370,370,3004.9,85.5,82.9,0.525,0.997,small (370x370),Sak Bajji Mix 500 G
sak-coriender-pow-200g.png,3.0,1,300,300,5086.7,46.3,115.6,0.567,0.5004,small (300x300),Sak Coriender Pow 200G
sak-fish-curry50g.jpg,3.0,1,474,474,1923.1,80.6,195.9,0.441,0.1565,small (474x474),Sak Fish Curry50G
sak-rasam-pow-50-g.png,3.0,1,210,250,2400.6,69.4,199.4,0.504,1.2303,small (210x250),Sak Rasam Pow 50 G
santoor-white-90g.jpg,3.0,1,416,253,1880.1,46.1,223.4,0.391,0.1627,small (416x253),Santoor White 90G
sunfeast-nice-150g.jpg,3.0,1,420,420,1140.1,66.9,217.7,0.276,0.0924,small (420x420),Sunfeast Nice 150G
surf-xl-bar-150g.jpg,3.0,1,225,225,3355.3,88.3,165.2,0.341,0.1736,small (225x225),Surf Xl Bar-150G
swastik-castor-oil-100mlbaby.jpg,3.0,1,500,500,2319.3,46.5,236.1,0.196,0.0823,blown out; pack fills 20%,Swastik Castor Oil 100Mlbaby
tata-coffee-grand-200g.jpg,3.0,1,750,1000,67.0,72.8,95.2,0.848,0.1199,soft (67),Tata Coffee Grand 200g
unibic-cashew-al-10rs.jpg,3.0,1,1000,1000,1071.5,53.3,229.8,0.168,0.094,blown out; pack fills 17%,Unibic Cashew Al 10Rs
brit-50-50-10rs.jpg,2.5,1,1000,1000,138.1,53.9,226.2,0.248,0.0468,blown out; heavily compressed,Brit 50-50 10Rs
cloth-bag.jpg,2.5,1,500,500,218.5,30.3,231.4,0.443,0.0874,flat; blown out,Cloth Bag
comfort-green-200ml.jpg,2.5,1,1000,1000,734.2,57.8,226.0,0.25,0.0636,blown out; heavily compressed,Comfort Green 200Ml
dds-aval-500g.jpg,2.5,1,1000,1000,459.7,49.7,227.8,0.268,0.0682,blown out; heavily compressed,Dds Aval 500G
dds-ball-jaggar-1kg.png,2.5,1,1000,1000,900.1,37.5,17.4,0.274,0.6283,flat; dark,Dds Ball Jaggar 1Kg
dds-orid-dhall-500-g.jpg,2.5,1,500,375,758.0,98.4,55.8,0.254,0.0707,dark; heavily compressed,Dds Orid Dhall 500 G
dove-roll-on-50ml.jpg,2.5,1,260,600,302.0,61.0,212.1,0.213,0.1172,pack fills 21%; awkward shape (2.3:1),Dove Roll On 50ml
giffy-125ml.jpg,2.5,1,1000,1000,554.7,54.4,224.1,0.333,0.0629,blown out; heavily compressed,Giffy 125Ml
goodday-pista-badam-25.jpg,2.5,1,1000,1000,611.5,59.6,224.8,0.228,0.0537,blown out; heavily compressed,Goodday Pista Badam 25
hatsun-curd-500g.jpg,2.5,1,1000,562,507.6,45.1,230.9,0.292,0.0597,blown out; heavily compressed,Hatsun Curd 500G
hauser-10rs.jpg,2.5,1,1000,1000,324.6,50.5,225.5,0.336,0.0596,blown out; heavily compressed,Hauser 10Rs
horlicks-lite450r.jpg,2.5,1,1000,1000,1020.1,52.3,228.2,0.265,0.0728,blown out; heavily compressed,Horlicks Lite450R
note.jpg,2.5,1,1034,1033,832.3,47.6,232.2,0.973,0.0544,blown out; heavily compressed,Note
parimal-pineapple.jpg,2.5,1,663,1000,289.3,46.9,225.8,0.284,0.0689,blown out; heavily compressed,Parimal Pineapple
scrubber.jpg,2.5,1,1000,1000,424.4,47.7,230.4,0.26,0.0677,blown out; heavily compressed,Scrubber
vicco-paste-100-g.jpg,2.5,1,1000,1000,1234.7,40.2,236.9,0.296,0.0634,blown out; heavily compressed,Vicco Paste 100 G
yard-eau-de-parfum-18ml.jpg,2.5,1,1000,1000,616.7,46.8,228.8,0.257,0.0613,blown out; heavily compressed,Yard Eau De Parfum 18Ml
arun-ic-100.jpg,2.0,1,640,640,467.6,43.6,209.1,0.153,0.0836,pack fills 15%,Arun Ic 100
avt-tea-100-g.jpg,2.0,1,533,1000,367.6,56.8,154.0,0.211,0.1323,pack fills 21%,Avt Tea 100 G
avt-tea-250g-r.jpg,2.0,1,533,1000,367.6,56.8,154.0,0.211,0.1323,pack fills 21%,Avt Tea 250g R
avt-tea-500g.jpg,2.0,1,533,1000,367.6,56.8,154.0,0.211,0.1323,pack fills 21%,Avt Tea 500g
brit-cake-5.jpg,2.0,1,988,1000,881.9,72.4,183.7,0.085,0.1421,pack fills 8%,Brit Cake 5
brit-treat-cr-wafers5rs.jpg,2.0,1,1000,1000,1118.5,84.6,202.9,0.212,0.0791,pack fills 21%,Brit Treat Cr Wafers5Rs
correction-tape.jpg,2.0,1,1000,750,1637.2,49.5,151.5,0.178,0.1496,pack fills 18%,Correction Tape
dds-kabul-big-500-g.jpg,2.0,1,500,388,1614.6,55.5,213.1,0.049,0.1789,pack fills 5%,Dds Kabul Big 500 G
dds-pepper-50-g.jpg,2.0,1,1000,1000,1455.5,75.7,215.9,0.206,0.0856,pack fills 21%,Dds Pepper 50 G
dds-pumpkin-seed50g.png,2.0,1,1000,1000,835.4,65.0,189.3,0.217,0.903,pack fills 22%,Dds Pumpkin Seed50G
engage-deo-50ml.jpg,2.0,1,1075,927,450.4,61.6,178.8,0.186,0.0878,pack fills 19%,Engage Deo 50Ml
harpic-500-ml.png,2.0,1,1000,1000,592.3,44.5,122.2,0.183,0.2677,pack fills 18%,Harpic 500 Ml
healtta-gin-oil-500ml.jpg,2.0,1,1000,707,1754.4,58.7,218.3,0.14,0.163,pack fills 14%,Healtta Gin Oil 500Ml
hit-red-200ml.jpg,2.0,1,1000,1000,629.2,77.3,199.3,0.21,0.086,pack fills 21%,Hit Red 200Ml
lehar-soda-750ml.png,2.0,1,500,500,2869.5,51.2,114.2,0.218,0.1828,pack fills 22%,Lehar Soda 750Ml
lia-rome-freshener.jpg,2.0,1,1000,1000,676.8,68.6,206.5,0.136,0.077,pack fills 14%,Lia Rome Freshener
lion-seedless-100-g.jpg,2.0,1,1000,1000,892.7,62.5,191.5,0.13,0.1596,pack fills 13%,Lion Seedless 100 G
monkey-555-5t-broom.jpg,2.0,1,1000,1000,916.9,67.5,198.3,0.188,0.1442,pack fills 19%,Monkey 555 5T Broom
munch-10rs.jpg,2.0,1,900,700,699.7,73.0,203.9,0.198,0.0946,pack fills 20%,Munch 10Rs
oreo-rs10.jpg,2.0,1,500,500,1111.2,74.3,203.4,0.069,0.1347,pack fills 7%,Oreo Rs10
parle-g-5rs.jpg,2.0,1,941,890,2559.3,66.5,180.5,0.213,0.1841,pack fills 21%,Parle-G 5Rs
pen.jpg,2.0,1,1000,1000,1368.6,75.4,210.3,0.125,0.0993,pack fills 12%,Pen
sak-curry-masla-100g.jpg,2.0,1,1000,1000,2638.6,86.5,172.1,0.154,0.1859,pack fills 15%,Sak Curry Masla 100G
tea-cup.jpg,2.0,1,999,662,955.1,52.3,213.2,0.179,0.0841,pack fills 18%,Tea Cup
tulip-perfume.jpg,2.0,1,1000,548,869.6,89.8,156.1,0.219,0.1275,pack fills 22%,Tulip Perfume
v-v-d-200jar.jpg,2.0,1,1000,525,2249.8,63.6,196.0,0.171,0.1573,pack fills 17%,V.V.D 200Jar
vaseline-cocoa-glow-100ml.jpg,2.0,1,396,1000,239.5,32.2,118.6,0.808,0.1732,flat; awkward shape (2.5:1),Vaseline Cocoa Glow 100ml
winner-blades.jpg,2.0,1,803,1000,732.9,48.6,164.9,0.147,0.1105,pack fills 15%,Winner Blades
ws-soap-citrus-100g.jpg,2.0,1,431,1000,963.7,35.7,120.7,0.635,0.266,flat; awkward shape (2.3:1),Ws Soap Citrus 100g
1-to-3-noodles-220g.png,1.5,1,1024,1024,707.1,28.2,172.1,0.325,0.4895,flat,1 To 3 Noodles 220G
act-ii-pop-corn-golden-sizzle.jpg,1.5,1,1000,1000,446.6,69.5,210.3,0.357,0.0475,heavily compressed,Act Ii Pop Corn Golden Sizzle
boomer-lollypop.jpg,1.5,1,1000,1000,563.6,61.8,212.7,0.35,0.0631,heavily compressed,Boomer Lollypop
brit-50-50-timepass-5rs.png,1.5,1,500,500,1057.5,33.9,109.6,0.237,0.1789,flat,Brit 50-50 Timepass 5Rs
brit-jim-jam-pops20.jpg,1.5,1,1000,1000,955.7,84.3,194.1,0.344,0.0667,heavily compressed,Brit Jim Jam Pops20
brit-milk-rusk63g.jpg,1.5,1,1000,1231,491.6,72.9,164.2,0.703,0.071,heavily compressed,Brit Milk Rusk63G
brit-vita-marie-gold-10.jpg,1.5,1,1000,1000,480.0,56.2,224.0,0.279,0.0661,heavily compressed,Brit Vita Marie Gold 10
causting-soda500g.jpg,1.5,1,1000,1000,916.6,82.6,210.5,0.303,0.0718,heavily compressed,Causting Soda500G
chocolate.jpg,1.5,1,500,500,319.1,78.4,215.5,0.233,0.0714,heavily compressed,Chocolate
col-active-salt-100-g.jpg,1.5,1,1000,1000,257.5,40.0,202.1,0.753,0.0731,heavily compressed,Col Active Salt 100 G
col-visible-white-pur-120g.jpg,1.5,1,1000,1000,534.3,68.0,222.1,0.224,0.0434,heavily compressed,Col Visible White Pur 120G
comfort-royale-4x4.jpg,1.5,1,720,720,536.2,87.1,204.9,0.254,0.0745,heavily compressed,Comfort Royale 4X4
complan-kesar-badam-400g-jar.jpg,1.5,1,1384,1489,2181.8,77.1,180.4,0.391,0.0547,heavily compressed,Complan Kesar Badam 400G Jar
cotton-thiri-big-box.jpg,1.5,1,750,1000,221.7,23.3,158.5,0.463,0.1172,flat,Cotton Thiri Big Box
dairy-milk-40g.jpg,1.5,1,1000,1000,481.4,84.2,200.1,0.326,0.0633,heavily compressed,Dairy Milk 40G
dairy-milk-crispello-35g.jpg,1.5,1,1100,1100,1311.6,87.7,189.6,0.389,0.0711,heavily compressed,Dairy Milk Crispello 35G
dds-garlic-250gm.jpg,1.5,1,816,1000,314.6,61.2,214.6,0.372,0.0704,heavily compressed,Dds Garlic 250Gm
dds-steam-kuruai-1kg.jpg,1.5,1,1000,1000,149.7,65.8,213.0,0.407,0.0684,heavily compressed,Dds Steam Kuruai 1Kg
dds-sweet-250-g.jpg,1.5,1,1000,1000,433.1,57.7,218.2,0.338,0.0737,heavily compressed,Dds Sweet 250 G
dds-white-corn-500-gm.jpg,1.5,1,500,499,414.4,29.3,215.7,0.498,0.1749,flat,Dds White Corn 500 Gm
eve-aa-1-5-v.png,1.5,1,600,600,490.6,72.3,206.4,0.238,0.0735,heavily compressed,Eve Aa 1.5 V
flair-inky-liq-fo-pen.jpg,1.5,1,988,1000,622.1,73.8,198.9,0.393,0.0749,heavily compressed,Flair Inky Liq Fo Pen
gil-mach3-8-cartridges.jpg,1.5,1,1200,1200,771.6,74.1,168.2,0.655,0.0274,heavily compressed,Gil Mach3 8 Cartridges
gil-venus-rzr.jpg,1.5,1,1000,1000,701.9,50.4,70.1,0.582,0.0685,heavily compressed,Gil Venus Rzr
hald-bhujia-sev-200g.jpg,1.5,1,750,1000,1367.9,37.0,119.3,0.674,0.2767,flat,Hald Bhujia Sev 200g
hald-bhujia-sev-400-g.jpg,1.5,1,750,1000,1367.9,37.0,119.3,0.674,0.2767,flat,Hald Bhujia Sev 400 G
haldirams-10rs.jpg,1.5,1,750,1000,772.7,36.7,144.2,0.68,0.1871,flat,Haldirams 10rs
hauser-xo-20.jpg,1.5,1,679,679,320.2,54.8,222.3,0.331,0.0606,heavily compressed,Hauser Xo 20
kalai-appala-poo-100g.jpg,1.5,1,800,1000,194.8,36.9,188.1,0.429,0.0949,flat,Kalai Appala Poo 100G
kiwi-express-neutral.jpg,1.5,1,1000,1000,318.2,50.9,219.6,0.433,0.0646,heavily compressed,Kiwi Express Neutral
lakme-peach-milk-50g.jpg,1.5,1,750,1000,245.7,36.1,130.7,0.677,0.121,flat,Lakme Peach Milk 50G
livon-silky-potion-20-ml.jpg,1.5,1,1406,1406,1549.3,55.6,188.0,0.919,0.0439,heavily compressed,Livon Silky Potion 20 Ml
lunch-bag.jpg,1.5,1,850,1000,554.0,33.6,101.5,0.697,0.2478,flat,Lunch Bag
mani-mark-45.jpg,1.5,1,667,1000,442.7,85.4,195.7,0.361,0.0723,heavily compressed,Mani Mark-45
mani-mark-60.jpg,1.5,1,667,1000,442.7,85.4,195.7,0.361,0.0723,heavily compressed,Mani Mark 60
mani-mark-75.jpg,1.5,1,667,1000,442.7,85.4,195.7,0.361,0.0723,heavily compressed,Mani Mark-75
match-box.jpg,1.5,1,1363,935,528.2,63.3,179.4,0.389,0.0441,heavily compressed,Match Box
meera-powder-10x3-5.jpg,1.5,1,1100,1100,434.8,58.7,213.3,0.438,0.0491,heavily compressed,Meera Powder 10X3.5
milky-mist-curd-200g.jpg,1.5,1,1000,1000,1110.5,76.7,204.0,0.381,0.0728,heavily compressed,Milky Mist Curd 200G
milky-mist-paneer-1kg.jpg,1.5,1,1000,1000,704.4,74.3,207.2,0.323,0.0742,heavily compressed,Milky Mist Paneer 1Kg
mugi-spotless-blue.jpg,1.5,1,805,1000,766.9,88.4,198.7,0.299,0.0546,heavily compressed,Mugi Spotless Blue
munch-crunch-10rs.jpg,1.5,1,769,1000,261.6,29.9,112.6,0.292,0.1798,flat,Munch Crunch 10rs
mysore-sandal-150-g.jpg,1.5,1,1000,1000,552.2,65.7,209.8,0.377,0.075,heavily compressed,Mysore Sandal 150 G
nippat-24-30rs.jpg,1.5,1,1000,1000,567.9,66.6,214.2,0.304,0.071,heavily compressed,Nippat 24 30Rs
nippat-amman-50rs.jpg,1.5,1,1000,1000,550.5,66.6,214.2,0.304,0.0701,heavily compressed,Nippat Amman 50Rs
odo-fresh-rose-cube-100g.jpg,1.5,1,500,500,241.8,36.9,185.8,0.341,0.1045,flat,Odo Fresh Rose Cube 100G
para-250-ml-jar.png,1.5,1,1000,1000,201.9,119.6,101.0,0.649,0.0568,heavily compressed,Para 250 Ml Jar
pentonic-pen-10.jpg,1.5,1,1000,1000,446.2,99.1,183.7,0.364,0.0605,heavily compressed,Pentonic Pen 10
saffola-oats-200g.jpg,1.5,1,1000,1000,371.2,52.0,218.4,0.446,0.0631,heavily compressed,Saffola Oats 200G
santoor-hw-pump.jpg,1.5,1,1000,1000,459.7,41.6,215.9,0.303,0.0742,heavily compressed,Santoor Hw Pump
santoor-sandal75g.jpg,1.5,1,1000,1000,269.2,59.1,208.2,0.281,0.0731,heavily compressed,Santoor Sandal75G
shower-to-shower-150g-sandal.jpg,1.5,1,1000,1000,488.5,41.3,217.4,0.391,0.0471,heavily compressed,Shower To Shower 150G Sandal
smoodh-10rs.jpg,1.5,1,1000,1000,383.8,55.6,217.7,0.344,0.0738,heavily compressed,Smoodh 10Rs
sting-energy250ml.jpg,1.5,1,1000,1000,825.5,77.4,215.5,0.244,0.0637,heavily compressed,Sting Energy250Ml
sunfeast-dark-f-ch-25.jpg,1.5,1,1000,1000,833.6,87.1,205.5,0.263,0.0566,heavily compressed,Sunfeast Dark F Ch-25
surf-xl-mat-liq-fl-1l-refill.jpg,1.5,1,1000,1000,1039.5,78.8,213.1,0.24,0.0502,heavily compressed,Surf Xl Mat Liq Fl 1L Refill
surf-xl-mat-liq-fr-l-4-lt.jpg,1.5,1,1000,1000,1001.0,91.8,193.7,0.336,0.0645,heavily compressed,Surf Xl Mat Liq Fr L 4 Lt
tres-sh-s-s-80ml.jpg,1.5,1,1000,1000,1397.5,82.3,208.3,0.27,0.0617,heavily compressed,Tres Sh S&S 80Ml
unibic-fruit-nut-cookies.png,1.5,1,500,500,2392.9,33.5,95.5,0.37,0.3107,flat,Unibic Fruit&Nut Cookies
uzhavu-herbal-jaggery-powder500g.jpg,1.5,1,667,1000,916.1,36.4,220.7,0.301,0.1343,flat,Uzhavu Herbal Jaggery Powder500G
uzhavu-jaggery-pow-500g.jpg,1.5,1,334,500,1278.7,34.8,220.3,0.332,0.1397,flat,Uzhavu Jaggery Pow 500G
yippee-magic-masala-140g.jpg,1.5,1,1000,482,728.9,37.8,68.6,0.549,0.2103,flat,Yippee Magic Masala 140G
7up-2-lt.jpg,1.0,1,750,1000,3670.0,75.2,59.8,0.55,0.1896,dark,7Up 2 Lt
amman-murukku.png,1.0,1,1000,1000,466.1,46.0,225.7,0.248,0.4767,blown out,Amman Murukku
brit-marie-gold-20rs.jpg,1.0,1,600,600,659.4,53.8,227.4,0.285,0.1035,blown out,Brit Marie Gold 20Rs
brit-nc-cracker-10rs.jpg,1.0,1,569,569,767.1,51.2,227.5,0.272,0.0755,blown out,Brit Nc Cracker-10Rs
cap.png,1.0,1,580,387,785.4,54.6,51.9,0.456,0.5611,dark,Cap
dairy-milk-20rs.jpg,1.0,1,539,496,3962.2,68.7,226.9,0.943,0.1361,blown out,Dairy Milk 20Rs
dds-gram-dhall-500-g.jpg,1.0,1,667,1000,1255.7,48.9,229.7,0.291,0.1011,blown out,Dds Gram Dhall 500 G
f-l-bb-cream9g.jpg,1.0,1,500,417,1020.1,40.2,236.8,0.239,0.0927,blown out,F&L Bb Cream9G
flair-10rs.jpg,1.0,1,1000,1000,1531.9,51.0,226.6,0.329,0.0992,blown out,Flair 10Rs
gloves.png,1.0,1,1000,1000,744.6,78.8,61.9,0.403,0.701,dark,Gloves
goodday-cashew-25rs.jpg,1.0,1,1000,784,672.4,49.0,226.9,0.291,0.0822,blown out,Goodday Cashew 25Rs
hatsun-curd-200g.png,1.0,1,1000,562,980.3,83.4,46.7,0.267,0.3191,dark,Hatsun Curd 200G
maggi-15rs.png,1.0,1,1500,1500,1611.5,50.8,224.9,0.4,0.0756,blown out,Maggi 15Rs
max-protein-125-rs.png,1.0,1,614,367,1587.3,71.4,59.3,0.516,0.2095,dark,Max Protein 125 Rs
max-protein-80.png,1.0,1,614,367,1587.3,71.4,59.3,0.516,0.2095,dark,Max Protein 80
natchiyar-peanut-candy.jpg,1.0,1,1000,1000,1361.1,52.2,227.6,0.346,0.0966,blown out,Natchiyar Peanut Candy
navi-maida-500g.png,1.0,1,500,500,359.2,58.2,35.8,0.335,0.5803,dark,Navi Maida 500G
pears-soft-fresh-80g.jpg,1.0,1,500,500,899.9,56.6,224.4,0.232,0.1026,blown out,Pears Soft&Fresh 80G
rajam-badam-200g.jpg,1.0,1,948,1000,1757.6,55.5,224.7,0.276,0.1057,blown out,Rajam Badam 200G
unibic-choco-ripple-cookies-10.png,1.0,1,1000,518,674.4,72.0,56.2,0.438,0.6036,dark,Unibic Choco Ripple Cookies-10
vasavi-moong.jpg,1.0,1,667,1000,440.1,56.7,38.7,0.976,0.0883,dark,Vasavi Moong
whisper-ul-xl-150pads.jpg,1.0,1,1000,1000,930.7,52.9,227.1,0.283,0.0851,blown out,Whisper Ul Xl+ 150Pads
axe-deo-72h.jpg,0.5,1,286,1000,2793.7,87.0,117.3,0.96,0.1531,awkward shape (3.5:1),Axe Deo 72H
axe-oil-3-ml.jpg,0.5,1,351,1000,2971.3,60.3,108.1,0.701,0.2574,awkward shape (2.8:1),Axe Oil 3 Ml
axe-oil-5-ml.jpg,0.5,1,351,1000,2971.3,60.3,108.1,0.701,0.2574,awkward shape (2.8:1),Axe Oil 5 Ml
bisleri-soda-600ml.jpg,0.5,1,284,1000,585.1,55.6,100.0,0.96,0.2236,awkward shape (3.5:1),Bisleri Soda 600ml
bournvita-biscuit-10.jpg,0.5,1,985,265,1385.4,49.1,125.8,0.926,0.2918,awkward shape (3.7:1),Bournvita Biscuit-10
brit-nc-digestive10rs.jpg,0.5,1,1000,340,4266.8,62.9,178.0,0.778,0.2678,awkward shape (2.9:1),Brit Nc Digestive10Rs
cavins-milkshake.jpg,0.5,1,399,1000,1630.4,55.1,151.1,0.957,0.3118,awkward shape (2.5:1),Cavins Milkshake
chings-chilli-vinegar.jpg,0.5,1,309,1000,1022.8,62.6,108.1,0.871,0.2074,awkward shape (3.2:1),Chings Chilli Vinegar
chings-red-chilli-sauce-200g.jpg,0.5,1,398,1000,1321.9,57.4,97.5,0.795,0.1912,awkward shape (2.5:1),Chings Red Chilli Sauce 200g
chings-red-chilli-sauce-90g.jpg,0.5,1,398,1000,1321.9,57.4,97.5,0.795,0.1912,awkward shape (2.5:1),Chings Red Chilli Sauce 90G
cothas-coffee-500-g-s.jpg,0.5,1,419,1000,486.5,49.9,111.8,0.725,0.147,awkward shape (2.4:1),Cothas Coffee 500 G (S)
dairy-milk-silk-bubbly46g.jpg,0.5,1,354,866,2562.7,65.9,108.6,0.899,0.1529,awkward shape (2.4:1),Dairy Milk Silk Bubbly46G
dove-men-care-2x16.jpg,0.5,1,394,1000,1177.5,55.4,97.8,0.597,0.1837,awkward shape (2.5:1),Dove Men+care 2x16
exo-bar-10rs.jpg,0.5,1,1000,350,2005.7,67.9,110.9,0.607,0.2333,awkward shape (2.9:1),Exo Bar-10rs
exo-bar-30rs.jpg,0.5,1,1000,350,2005.7,67.9,110.9,0.607,0.2333,awkward shape (2.9:1),Exo Bar-30rs
exo-bar-5rs.jpg,0.5,1,1000,350,2005.7,67.9,110.9,0.607,0.2333,awkward shape (2.9:1),Exo Bar-5rs
gil-sha-gel-sen-195g.jpg,0.5,1,200,744,2581.0,84.2,129.9,0.815,0.2083,awkward shape (3.7:1),Gil Sha Gel Sen 195g
hide-seek-choco-rolls.jpg,0.5,1,1000,290,1025.2,48.3,73.4,0.939,0.2341,awkward shape (3.4:1),Hide & Seek Choco Rolls
him-cl-com-br-fc100g.jpg,0.5,1,1000,200,3612.1,56.7,186.6,0.953,0.2928,awkward shape (5.0:1),Him Cl Com Br Fc100G
horlicks-500g-box.jpg,0.5,1,415,1000,365.1,52.4,136.7,0.715,0.1613,awkward shape (2.4:1),Horlicks 500g Box
knife-10-20.jpg,0.5,1,246,1000,2467.1,46.1,129.8,0.843,0.3103,awkward shape (4.1:1),Knife-10-20
knife-20-30.jpg,0.5,1,246,1000,2467.1,46.1,129.8,0.843,0.3103,awkward shape (4.1:1),Knife-20-30
knife-40-50.jpg,0.5,1,246,1000,2467.1,46.1,129.8,0.843,0.3103,awkward shape (4.1:1),Knife-40-50
knife.jpg,0.5,1,246,1000,2467.1,46.1,129.8,0.843,0.3103,awkward shape (4.1:1),Knife
lipton-green-tea-hn-lem100g.jpg,0.5,1,312,1000,896.8,56.5,75.7,0.505,0.2208,awkward shape (3.2:1),Lipton Green Tea Hn Lem100g
maaza-10rs.jpg,0.5,1,422,1000,768.9,45.6,146.2,0.891,0.2646,awkward shape (2.4:1),Maaza 10rs
mat-20.jpg,0.5,1,194,657,728.6,58.7,200.1,0.64,0.2137,awkward shape (3.4:1),Mat-20
mat-70-80.jpg,0.5,1,1000,450,485.5,56.9,111.0,0.888,0.2023,awkward shape (2.2:1),Mat-70-80
nail-polish-remover.jpg,0.5,1,275,996,474.4,58.0,195.1,0.781,0.1041,awkward shape (3.6:1),Nail Polish Remover
oreo-strawberry-10.jpg,0.5,1,955,231,2351.0,63.6,107.6,0.946,0.2927,awkward shape (4.1:1),Oreo Strawberry 10
oreo-strawberry-120g.jpg,0.5,1,955,231,2351.0,63.6,107.6,0.946,0.2927,awkward shape (4.1:1),Oreo Strawberry 120g
par-hide-seek-ch.jpg,0.5,1,800,311,1823.1,81.6,136.7,0.754,0.1741,awkward shape (2.6:1),Par Hide&Seek Ch
par-jam-in-10rs.png,0.5,1,1080,349,3762.3,88.0,118.5,0.726,0.6129,awkward shape (3.1:1),Par Jam-In 10Rs
pitambari-rooperi.jpg,0.5,1,351,959,812.5,76.0,143.9,0.833,0.1418,awkward shape (2.7:1),Pitambari Rooperi
polo-10.png,0.5,1,1000,346,1095.7,81.7,188.8,0.428,0.5344,awkward shape (2.9:1),Polo-10
ponds-10rs.jpg,0.5,1,365,1000,223.5,49.4,145.6,0.675,0.1384,awkward shape (2.7:1),Ponds 10rs
ponds-d-f-200-g.jpg,0.5,1,365,1000,223.5,49.4,145.6,0.675,0.1384,awkward shape (2.7:1),Ponds D.F 200 G
ponds-d-f-t-80-g.jpg,0.5,1,365,1000,223.5,49.4,145.6,0.675,0.1384,awkward shape (2.7:1),Ponds D.f.t 80 G
puffed-rice.jpg,0.5,1,1000,223,2500.7,66.0,155.9,0.566,0.2456,awkward shape (4.5:1),Puffed Rice
savlon-200ml.jpg,0.5,1,423,1000,642.4,45.0,136.6,0.781,0.1998,awkward shape (2.4:1),Savlon 200ml
savlon-500ml.jpg,0.5,1,423,1000,642.4,45.0,136.6,0.781,0.1998,awkward shape (2.4:1),Savlon 500ml
tasty-snacks.jpg,0.5,1,1000,444,453.3,63.6,121.9,0.755,0.1944,awkward shape (2.3:1),Tasty Snacks
ujala-250-ml.jpg,0.5,1,397,1000,129.2,58.2,112.1,0.743,0.1512,awkward shape (2.5:1),Ujala 250 Ml
ujala-75-ml.jpg,0.5,1,397,1000,129.2,58.2,112.1,0.743,0.1512,awkward shape (2.5:1),Ujala 75 Ml
vibro-paneer-300ml.jpg,0.5,1,339,1000,587.0,66.2,100.4,0.727,0.1985,awkward shape (2.9:1),Vibro Paneer 300ml
vibro-paneer-500ml.jpg,0.5,1,339,1000,587.0,66.2,100.4,0.727,0.1985,awkward shape (2.9:1),Vibro Paneer 500ml
