problem,name,category,price,product_id
heavily abbreviated,Act Ii Pop Classic Salt 20,Bakery & Snacks,20,6a378be4b55b0b17fc8904d9
heavily abbreviated,Act Ii Pop Corn Butter Pepper,Bakery & Snacks,34,6a378be4b55b0b17fc8904da
heavily abbreviated,Act Ii Pop Corn Golden Sizzle,Bakery & Snacks,10,6a378be4b55b0b17fc8904db
heavily abbreviated,Act Ii Pop Magic Butter,Bakery & Snacks,10,6a378be4b55b0b17fc8904dc
heavily abbreviated,Act Ii Pop South Spice,Bakery & Snacks,31,6a3a863cb13c79f383c4f6bf
heavily abbreviated,Act Ii Pop Tan Tadka,Bakery & Snacks,31,6a3a863cb13c79f383c4fbf9
heavily abbreviated,Act Ii Sour Cr Cheese 15,Dairy & Fats,15,6a3a863cb13c79f383c4fb2a
heavily abbreviated,All Out Liq 60 Nights,Household,97,6a3a863cb13c79f383c4fb07
heavily abbreviated,Aru Kul Chilli Pow 50g,Spices & Masalas,15,6a3a863cb13c79f383c4fbfa
heavily abbreviated,Ban Bl Henna Her Cr Hair Col,Personal Care,29,6a3a863cb13c79f383c4fc03
heavily abbreviated,Cmc Wheat App Ch,Rice & Cereals,285,6a3a863cb13c79f383c4f8ee
heavily abbreviated,Col Zig Zag 6pc,Personal Care,120,6a378be4b55b0b17fc8906ab
heavily abbreviated,Col Zig-Zag Brush,Personal Care,25,6a378be4b55b0b17fc8906ac
heavily abbreviated,Dettol Hw Sc Liq 185ml Pouch,Health & Wellness,135,6a3a863cb13c79f383c4fc70
heavily abbreviated,Dove Men Hy Boost Fw50g,Personal Care,131,6a3a863cb13c79f383c4f78b
heavily abbreviated,Dove Men Oil Con Fw150g,Personal Care,374,6a3a863cb13c79f383c4f853
heavily abbreviated,Egg N Box 12ps,Vegetables & Fruits,70,6a3a863cb13c79f383c4f9aa
heavily abbreviated,Ensure Dia Van 375Ref,Health & Wellness,775,6a378be4b55b0b17fc8905ef
heavily abbreviated,Everyuth Tan Rem Ch Scrub 25g,Household,68,6a3a863cb13c79f383c4fa8d
heavily abbreviated,Flair Inky Liq Fo Pen,Toys & Stationery,47,6a378be4b55b0b17fc890871
heavily abbreviated,Gar Bright Com Bb Cream,Personal Care,267,6a378be4b55b0b17fc8906c6
heavily abbreviated,Gar Bright Com Fair Cr45G,Personal Care,242,6a378be4b55b0b17fc8906c7
heavily abbreviated,Gar Bright Com Fw 100g,Personal Care,207,6a378be4b55b0b17fc8906c8
heavily abbreviated,Gar Bright Com Fw 50g,Personal Care,106,6a378be4b55b0b17fc8906c9
heavily abbreviated,Gar Bright Com Ser Fw 50g,Personal Care,125,6a378be4b55b0b17fc8906ca
heavily abbreviated,Gar Men Acno Fig Fw 50g,Dry Fruits & Nuts,112,6a3a863cb13c79f383c4f889
heavily abbreviated,Gar Men Nat Black1,Personal Care,112,6a378be4b55b0b17fc8906cb
heavily abbreviated,Gil Com Glide Sha Gel 195g,Personal Care,300,6a3a863cb13c79f383c4f8cf
heavily abbreviated,Gil Com Glide Sha Gel 70g,Personal Care,170,6a3a863cb13c79f383c4fa2c
heavily abbreviated,Gil Fus 5 Pro Gl 2,Personal Care,679,6a3a863cb13c79f383c4f703
heavily abbreviated,Gil Fus 5 Pro Gl 4,Personal Care,1319,6a3a863cb13c79f383c4f61d
heavily abbreviated,Gil Fus Pow 2S,Personal Care,650,6a3a863cb13c79f383c4f719
heavily abbreviated,Gil Fus Proglide Rzr,Personal Care,555,6a3a863cb13c79f383c4f76e
heavily abbreviated,Gil Sha Gel Moisturizing 60g,Personal Care,96,6a3a863cb13c79f383c4fb0e
heavily abbreviated,Gil Sha Gel Sen 195g,Personal Care,360,6a3a863cb13c79f383c4f862
heavily abbreviated,Godrej No.1 Kes Milk Cr4x50g,Dairy & Fats,39,6a3a863cb13c79f383c4facb
heavily abbreviated,Grb Badam Dr Mix 500g,Dry Fruits & Nuts,285,6a3a863cb13c79f383c4f63f
heavily abbreviated,Him Baby Cow Ghee Bar 125g,Baby Care,225,6a3a863cb13c79f383c4f988
heavily abbreviated,Him Baby Cow Ghee Bar 75g,Baby Care,157,6a3a863cb13c79f383c4f7c2
heavily abbreviated,Him Cl Com Br Fc100G,Personal Care,120,6a378be4b55b0b17fc8906d7
heavily abbreviated,Him Fw Nat Glow Rose 100ml,Personal Care,184,6a378be4b55b0b17fc8906dc
heavily abbreviated,Him Nat Sun Pro Lip Balm,Health & Wellness,95,6a3a863cb13c79f383c4fb14
heavily abbreviated,Him Tan Rem Orange Face Scrub 50g,Household,100,6a3a863cb13c79f383c4fafa
heavily abbreviated,Hunter Non-re Mosquito Bat,Household,384,6a3a863cb13c79f383c4f6ca
heavily abbreviated,Id In Coffee Liq 150ml,Tea & Coffee,155,6a3a863cb13c79f383c4fa54
heavily abbreviated,Kissan Fr Tom Ket 15Rs,Salt & Condiments,15,6a378be4b55b0b17fc8907c3
heavily abbreviated,Kr Spl Idli Chilly Pow,Spices & Masalas,66,6a3a863cb13c79f383c4f827
heavily abbreviated,Kr Spr Fenugreek Pow 100g,Spices & Masalas,48,6a378be4b55b0b17fc890804
heavily abbreviated,Kr Sukku Malli Co Palm Jag 50g,Cooking Oils,38,6a3a863cb13c79f383c4fb60
heavily abbreviated,Lakme 9to5 Sun Ex Spf30++,Personal Care,310,6a3a863cb13c79f383c4f8bf
heavily abbreviated,Lakme 9to5 Sun Ex Spf50 Gel,Personal Care,360,6a3a863cb13c79f383c4f863
heavily abbreviated,Lakme 9to5 Sun Ex Spf50 Pa+++100ml,Personal Care,525,6a3a863cb13c79f383c4f789
heavily abbreviated,Lakme 9to5 Sun Ex Spf50pa++++ 50ml,Personal Care,418,6a3a863cb13c79f383c4f6aa
heavily abbreviated,Lakme Per Rad Day Cr50g,Personal Care,395,6a3a863cb13c79f383c4f82a
heavily abbreviated,Lakme Per Rad Fw 100g,Personal Care,280,6a3a863cb13c79f383c4f8f9
heavily abbreviated,Lakme Perfect Rad Day Cr 15g,Personal Care,97,6a3a863cb13c79f383c4fb0a
heavily abbreviated,Lakme Sun Ex Spf24pa++50g,Personal Care,180,6a3a863cb13c79f383c4fa0c
heavily abbreviated,Lifebuoy Lem Fr 125set,Personal Care,132,6a3a863cb13c79f383c4fa9b
heavily abbreviated,Lizol Fr&cl Bathroom Cl 200ml,Household,62,6a3a863cb13c79f383c4f9fb
heavily abbreviated,Lizol Fr&cl Bathroom Cl 500ml,Household,145,6a3a863cb13c79f383c4f6e8
heavily abbreviated,Nivea Bl Ex Hy 200ml,Personal Care,295,6a3a863cb13c79f383c4f8de
heavily abbreviated,Nivea Bl Ex Hy75ml,Personal Care,110,6a3a863cb13c79f383c4f999
heavily abbreviated,Nivea Bl Nat Gl Spf15 200ml,Personal Care,320,6a3a863cb13c79f383c4f725
heavily abbreviated,Nivea Bl Nat Gl Spf15 400ml,Personal Care,610,6a3a863cb13c79f383c4f62e
heavily abbreviated,Nivea Ex Wh Spf15 75ml.,Personal Care,121,6a3a863cb13c79f383c4f7b6
heavily abbreviated,Nivea Men All In 1 Fw 10X 100g,Personal Care,275,6a3a863cb13c79f383c4f909
heavily abbreviated,Nivea Men All In1 Fw 10X Wh Fw 50ml,Personal Care,144,6a3a863cb13c79f383c4fa7a
heavily abbreviated,Nivea Men Oil Con Fw 50g,Personal Care,124,6a3a863cb13c79f383c4f736
heavily abbreviated,Opal Her Cl Milk 950mk,Dairy & Fats,265,6a3a863cb13c79f383c4f923
heavily abbreviated,Pampers All Nig Xl16,Baby Care,375,6a3a863cb13c79f383c4f850
heavily abbreviated,Par Jam-In 10Rs,Bakery & Snacks,10,6a378be4b55b0b17fc89053f
heavily abbreviated,Plum Green Tea Por Cl Fw100ml,Tea & Coffee,275,6a3a863cb13c79f383c4f6ae
heavily abbreviated,Ponds Br Mir Fw 35,Personal Care,34,6a3a863cb13c79f383c4fa2f
heavily abbreviated,Ponds Br Mir Fw100g,Personal Care,202,6a3a863cb13c79f383c4f631
heavily abbreviated,Ponds Bri Bea Bl 600ml,Personal Care,600,6a3a863cb13c79f383c4f749
heavily abbreviated,Ponds Bri Bea Fw12g,Personal Care,24,6a3a863cb13c79f383c4f92a
heavily abbreviated,Ponds Bri Bea Fw50g,Personal Care,108,6a3a863cb13c79f383c4f71f
heavily abbreviated,Ponds Bri Bea Gel Cream 23g,Personal Care,112,6a3a863cb13c79f383c4f6c0
heavily abbreviated,Ponds Bri Bea Gel Cream 35g,Personal Care,185,6a3a863cb13c79f383c4f68a
heavily abbreviated,Ponds Bri Bea Gel Cream 50g,Personal Care,348,6a3a863cb13c79f383c4f5a5
heavily abbreviated,Ponds Men Pim Cl Fw50g,Personal Care,130,6a3a863cb13c79f383c4f830
heavily abbreviated,Ponds Pim Cl Fw100g,Personal Care,280,6a3a863cb13c79f383c4f76b
heavily abbreviated,Ponds Sun Mir Spf50pa+++,Personal Care,295,6a3a863cb13c79f383c4f8df
heavily abbreviated,Ponds Sun Scr Spf55pa++100g,Personal Care,510,6a3a863cb13c79f383c4f79b
heavily abbreviated,Sak Fish Fry Pow 50g,Spices & Masalas,30,6a378be4b55b0b17fc890816
heavily abbreviated,Stayfree All Nig Xxl 2+1,Personal Care,205,6a3a863cb13c79f383c4f815
heavily abbreviated,Stayfree Dry Co Xl6,Personal Care,47,6a3a863cb13c79f383c4f5f8
heavily abbreviated,Stayfree Dry Max All Nig 7pad,Personal Care,99,6a3a863cb13c79f383c4f8da
heavily abbreviated,Stayfree Dry Max All Nig14p,Personal Care,190,6a3a863cb13c79f383c4f763
heavily abbreviated,Stayfree Dry Max Ul Dry16p,Personal Care,185,6a3a863cb13c79f383c4f854
heavily abbreviated,Stayfree Reg Sec Dry 6,Personal Care,35,6a3a863cb13c79f383c4f68c
heavily abbreviated,Stayfree Sec Xl Ul Thin6pad,Personal Care,55,6a3a863cb13c79f383c4fae2
heavily abbreviated,Steel & Alu Am Ba,Kitchen Accessories,380,6a378be4b55b0b17fc890672
heavily abbreviated,Sunfeast Hifi Cas But Co-5Rs,Bakery & Snacks,5,6a378be4b55b0b17fc890552
heavily abbreviated,Surf Xl Mat Liq Fl 1L Refill,Household,185,6a378be4b55b0b17fc890658
heavily abbreviated,Surf Xl Mat Liq Fr L 4L,Household,730,6a378be4b55b0b17fc890659
heavily abbreviated,Surf Xl Mat Liq Tl 1L Ref,Household,165,6a378be4b55b0b17fc89065a
heavily abbreviated,The Sp Cl Red Onion Pow,Vegetables & Fruits,73,6a3a863cb13c79f383c4fb6b
heavily abbreviated,Try Mi Pappad 200g Spl,Bakery & Snacks,35,6a378be4b55b0b17fc890557
heavily abbreviated,Ujala Crisp&sh Fl Fu100g,Household,34,6a3a863cb13c79f383c4f965
heavily abbreviated,Ujala Crisp&sh Fr Bl200g,Household,68,6a3a863cb13c79f383c4f9c6
heavily abbreviated,Ujala Crisp&sh Fr Bl500g,Household,145,6a3a863cb13c79f383c4f69d
heavily abbreviated,Vaseline Gul-hya Spf50pa+++ 70ml,Personal Care,90,6a3a863cb13c79f383c4f915
heavily abbreviated,Vaseline Sun Pro Spf30 90ml,Personal Care,146,6a3a863cb13c79f383c4f6e3
heavily abbreviated,Whisper Bin Nig Xl 2+1,Personal Care,470,6a3a863cb13c79f383c4f7c6
heavily abbreviated,Whisper Bin Nig Xxl+ 10,Personal Care,320,6a3a863cb13c79f383c4f8ae
heavily abbreviated,Whisper Bin Nig Xxl+16pads,Personal Care,350,6a3a863cb13c79f383c4f6f7
heavily abbreviated,Whisper Bin Nig Xxl+6pads,Personal Care,145,6a3a863cb13c79f383c4f758
heavily abbreviated,Whisper Bin Nig Xxl6,Personal Care,112,6a3a863cb13c79f383c4f88c
heavily abbreviated,Whisper Bin Night Xxl Sup Saver,Personal Care,580,6a3a863cb13c79f383c4f759
heavily abbreviated,Whisper Per Pan L-xl 6,Personal Care,260,6a3a863cb13c79f383c4f65f
heavily abbreviated,Whisper Ul Cl 15P Xl+,Personal Care,180,6a3a863cb13c79f383c4fa12
heavily abbreviated,Whisper Ul Cl Xl 30,Personal Care,335,6a3a863cb13c79f383c4f88f
heavily abbreviated,Whisper Ul Cl Xl+44p,Personal Care,540,6a3a863cb13c79f383c4f5cc
heavily abbreviated,Whisper Ul Nig Xl+ 27,Personal Care,415,6a3a863cb13c79f383c4f6ac
heavily abbreviated,Whisper Ul Nig Xxl5,Personal Care,146,6a3a863cb13c79f383c4f7ec
heavily abbreviated,Whisper Ul Nig Xxl6,Personal Care,136,6a3a863cb13c79f383c4fa8f
heavily abbreviated,Whisper Ul So 2X S Xl+30p,Personal Care,380,6a3a863cb13c79f383c4f5d7
heavily abbreviated,Whisper Ul So 2X S Xl+6p,Personal Care,77,6a3a863cb13c79f383c4f6a6
heavily abbreviated,Whisper Ul So 2X S Xl15p,Personal Care,190,6a3a863cb13c79f383c4f681
heavily abbreviated,Whisper Ul So 2X S Xl30p,Personal Care,360,6a3a863cb13c79f383c4f86b
heavily abbreviated,Ws Deo Ul Sensual,Personal Care,190,6a3a863cb13c79f383c4f9f5
heavily abbreviated,Ws Soap Ul Sen 100g,Personal Care,56,6a3a863cb13c79f383c4f887
heavily abbreviated,Yard Deo Eng Lav 150ml,Personal Care,215,6a378be4b55b0b17fc890730
heavily abbreviated,Yard Deo Mor Dew,Personal Care,235,6a3a863cb13c79f383c4f96b
duplicate product,7 Up 20Rs,Beverages,20,6a378be4b55b0b17fc89055e
duplicate product,7 Up 20Rs,Beverages,20,6a3a863cb13c79f383c4f6a0
duplicate product,Dds Raw Rice 1kg,Rice & Cereals,72,6a378be4b55b0b17fc890797
duplicate product,Dds Raw Rice 1kg,Rice & Cereals,50,6a378be4b55b0b17fc890798
duplicate product,Navneet Notes,Toys & Stationery,35,6a3a863cb13c79f383c4f8b0
duplicate product,Navneet Notes-,Toys & Stationery,47,6a3a863cb13c79f383c4fa7e
very short name,Cap,Personal Care,130,6a378be4b55b0b17fc89069e
very short name,Pen,Toys & Stationery,6,6a378be4b55b0b17fc89087e
more than one size,3 Roses 500g 2kg,Tea & Coffee,350,6a378be4b55b0b17fc89084f
more than one size,Milky Mist Paneer Hp50G 200g,Dairy & Fats,160,6a378be4b55b0b17fc8905c5
unusual punctuation,Hershey`s Cho Syrup 623g,Health & Wellness,210,6a3a863cb13c79f383c4f9ac
unusual punctuation,Hershey`s Cho Syrup Pouch,Health & Wellness,10,6a3a863cb13c79f383c4f997
